<save><soc_1 b="false"></soc_1><agi_1 b="false"></agi_1><lea_1 b="false"></lea_1><sav_1 b="false"></sav_1><hea_1 b="false"></hea_1><soc_2 b="false"></soc_2><agi_2 b="false"></agi_2><agg_1 b="false"></agg_1><roa_1 b="false"></roa_1><hsk_1 b="false"></hsk_1><hsk_2 b="false"></hsk_2><han_1 b="false"></han_1><sav_2 b="false"></sav_2><roa_2 b="false"></roa_2><hea_2 b="false"></hea_2><soc_3 b="false"></soc_3><sed_1 b="false"></sed_1><agg_2 b="false"></agg_2><sav_3 b="false"></sav_3><hsk_3 b="false"></hsk_3><money u="0"></money></save>